1,Ford Fiesta,Blue,XO14MC
2,Toyota Corolla,Red,LY79YL
3,Honda Civic,Silver,VD64LO
4,Volkswagen Golf,Black,JF56KL
5,Nissan Qashqai,White,SS14PD
6,BMW 3 Series,Green,DM58AR
7,Mercedes-Benz C-Class,Yellow,MS21RF
8,Audi A4,Orange,PW08CO
9,Skoda Octavia,Purple,WK63XP
10,Hyundai i30,Pink,BI20SP
11,Kia Ceed,Brown,HL69VH
12,Renault Clio,Gray,CZ93CS
13,Peugeot 208,Teal,CY45YF
14,Citroen C3,Beige,WU20PM
15,Fiat 500,Navy,WN48LF
16,Mazda 3,Gold,OG58GY
17,Suzuki Swift,Silver,LJ14BK
18,Seat Ibiza,Black,YI63SF
19,Opel Corsa,White,BX86ZX
20,Ford Focus,Red,SG25PI
21,Ford Mustang,Blue,ME90FE
22,Chevrolet Camaro,Red,QS90CJ
23,Dodge Challenger,Black,XN94HQ
24,Toyota Camry,Silver,AI02DJ
25,Honda Accord,Gold,ES35FE
26,Nissan Leaf,Green,PV55DB
27,Tesla Model S,White,GS58MR
28,BMW X5,Black,OB58JF
29,Mercedes-Benz E-Class,Blue,XP28ZQ
30,Audi Q7,Red,WE58LH
31,Volvo XC90,Silver,BO65JE
32,Land Rover Discovery,Gold,CN81IS
33,Range Rover Sport,Green,EG35XU
34,Jeep Grand Cherokee,White,HR09EF
35,Subaru Forester,Black,RC29CW
36,Toyota RAV4,Blue,ON73EA
37,Honda CR-V,Red,BC84CK
38,Nissan Rogue,Silver,IV28KD
39,Kia Sorento,Gold,KR69GC
40,Hyundai Santa Fe,Green,RG79OF
41,Ford Explorer,White,KB81AN
42,Chevrolet Equinox,Black,UO51PZ
43,GMC Acadia,Blue,FZ41NM
44,Toyota Highlander,Red,SY90EL
45,Honda Pilot,Silver,DE60GC
46,Nissan Pathfinder,Gold,CD31JI
47,Kia Telluride,Green,CI76LU
48,Hyundai Palisade,White,SH09AD
49,Ford Expedition,Black,VD78FS
50,Chevrolet Suburban,Blue,UQ64HD
51,GMC Yukon,Red,DI44KQ
52,Toyota Sequoia,Silver,BG25SL
53,Honda Passport,Gold,PK61HC
54,Nissan Armada,Green,FP57VX
55,Ford F-150,White,BV68MK
56,Chevrolet Silverado,Black,VJ24VY
57,Ram 1500,Blue,JG12CD
58,Toyota Tundra,Red,QY89CN
59,Ford Super Duty,Silver,SC37ZZ
60,Chevrolet Tahoe,Gold,UC28RV
61,GMC Sierra,Green,PH01BM
62,Toyota 4Runner,White,UD99UW
63,Honda Ridgeline,Black,UX55QM
64,Nissan Frontier,Blue,PB93DR
65,Kia Sportage,Red,TG38TD
66,Hyundai Tucson,Silver,CD55LX
67,Ford Bronco,Gold,XL65JF
68,Jeep Wrangler,Green,GL64GM
69,Subaru Outback,White,IJ53XR
70,Toyota 4Runner,Black,QS85QT
71,Honda Passport,Blue,YH00LE
72,Nissan Pathfinder,Red,MI64KD
73,Kia Telluride,Silver,LJ05DO
74,Hyundai Palisade,Gold,EN60GG
75,Ford Expedition,Green,ER99IV
76,Chevrolet Suburban,White,GZ62KW
77,GMC Yukon,Black,FW42XT
78,Toyota Sequoia,Blue,UY63NR
79,Honda Passport,Red,KM37JK
80,Nissan Armada,Silver,TI57SO
81,Ford F-150,Gold,NQ26JM
82,Chevrolet Silverado,Green,QL77SI
83,Ram 1500,White,NO15WF
84,Toyota Tundra,Black,YP75PA
85,Ford Super Duty,Blue,JL24JZ
86,Chevrolet Tahoe,Red,CX39RD
87,GMC Sierra,Silver,ZA18YG
88,Toyota 4Runner,Gold,GX97FL
89,Honda Ridgeline,Green,EA46DZ
90,Nissan Frontier,White,MG30PS
91,Kia Sportage,Black,TT62FD
92,Hyundai Tucson,Blue,WX84AA
93,Ford Bronco,Red,OC83LZ
94,Jeep Wrangler,Silver,XD09NC
95,Subaru Outback,Gold,PY00SE
96,Toyota 4Runner,Green,ZE56LP
97,Honda Passport,White,XF44XE
98,Nissan Pathfinder,Black,QM73JE
99,Kia Telluride,Blue,PE04VI
100,Hyundai Palisade,Red,XO21CC
101,Ford Expedition,Silver,CW74HO
102,Chevrolet Suburban,Gold,AB87IT
103,GMC Yukon,Green,BK41OU
104,Toyota Sequoia,White,QW52JD
105,Honda Passport,Black,VA74ZP
106,Nissan Armada,Blue,SZ96HJ
107,Ford F-150,Red,CS77RD
108,Chevrolet Silverado,Silver,YQ65XA
109,Ram 1500,Gold,BT82XH
110,Toyota Tundra,Green,PB49GL
111,Ford Super Duty,White,DM06NR
112,Chevrolet Tahoe,Black,LE69JT
113,GMC Sierra,Blue,JA39WG
114,Toyota 4Runner,Red,RU43ZT
115,Honda Ridgeline,Silver,ON51JW
116,Nissan Frontier,Gold,KK38LI
117,Kia Sportage,Green,HS98EE
118,Hyundai Tucson,White,ED80OJ
119,Ford Bronco,Black,VD47LG
120,Jeep Wrangler,Blue,IT80BG
121,Subaru Outback,Red,MR03NR
122,Toyota 4Runner,Silver,GX37AO
123,Honda Passport,Gold,PZ56QY
124,Nissan Pathfinder,Green,WM57CL
125,Kia Telluride,White,QI55ZB
126,Hyundai Palisade,Black,FQ12FK
127,Ford Expedition,Blue,EO78AX
128,Chevrolet Suburban,Red,LP14BJ
129,GMC Yukon,Silver,MZ12FI
130,Toyota Sequoia,Gold,BY39BX
131,Honda Passport,Green,FU36ZX
132,Nissan Armada,White,AC37TS
133,Ford F-150,Black,BW83PS
134,Chevrolet Silverado,Blue,LI96VN
135,Ram 1500,Red,WI10LN
136,Toyota Tundra,Silver,NG23ED
137,Ford Super Duty,Gold,DG32MS
138,Chevrolet Tahoe,Green,BH41EE
139,GMC Sierra,White,TC51DF
140,Toyota 4Runner,Black,XS62NC
141,Honda Ridgeline,Blue,YK83JI
142,Nissan Frontier,Red,FS07GG
143,Kia Sportage,Silver,XL48SH
144,Hyundai Tucson,Gold,SL37RN
145,Ford Bronco,Green,OT05EM
146,Jeep Wrangler,White,RQ09NL
147,Subaru Outback,Black,ZT37BO
148,Toyota 4Runner,Blue,SN03WW
149,Honda Passport,Red,DZ61EY
150,Nissan Pathfinder,Silver,CS55IL
151,Kia Telluride,Gold,CH58YG
152,Hyundai Palisade,Green,GZ72TW
153,Ford Expedition,White,US65YI
154,Chevrolet Suburban,Black,KR32IO
155,GMC Yukon,Blue,BE38KK
156,Toyota Sequoia,Red,CI63ZI
157,Honda Passport,Silver,IG73KR
158,Nissan Armada,Gold,NN19OF
159,Ford F-150,Green,TZ06VD
160,Chevrolet Silverado,White,VX21JF
161,Ram 1500,Black,VF72MN
162,Toyota Tundra,Blue,VQ73GG
163,Ford Super Duty,Red,IE66IN
164,Chevrolet Tahoe,Silver,MD46JR
165,GMC Sierra,Gold,EO10VO
166,Toyota 4Runner,Green,DK44VT
167,Honda Ridgeline,White,QW65NQ
168,Nissan Frontier,Black,NH40PP
169,Kia Sportage,Blue,BA61QC
170,Hyundai Tucson,Red,CS91MM
171,Ford Bronco,Silver,BY95QB
172,Jeep Wrangler,Gold,EZ45LY
173,Subaru Outback,Green,ZV10WP
174,Toyota 4Runner,White,ZT66RS
175,Honda Passport,Black,QR55WZ
176,Nissan Pathfinder,Blue,IJ21XS
177,Kia Telluride,Red,MB84DG
178,Hyundai Palisade,Silver,DN34LQ
179,Ford Expedition,Gold,FY91KQ
180,Chevrolet Suburban,Green,YC45XO
181,GMC Yukon,White,IC03SE
182,Toyota Sequoia,Black,SC52WJ
183,Honda Passport,Blue,JD05ZA
184,Nissan Armada,Red,YM87OI
185,Ford F-150,Silver,LP20GW
186,Chevrolet Silverado,Gold,TZ36CI
187,Ram 1500,Green,FB06MO
188,Toyota Tundra,White,BU26FR
189,Ford Super Duty,Black,EW52XW
190,Chevrolet Tahoe,Blue,MZ02RS
191,GMC Sierra,Red,IT84VF
192,Toyota 4Runner,Silver,CT93TB
193,Honda Ridgeline,Gold,HG09XM
194,Nissan Frontier,Green,AH61TC
195,Kia Sportage,White,XM57WS
196,Hyundai Tucson,Black,DD46CQ
197,Ford Bronco,Blue,WQ49VY
198,Jeep Wrangler,Red,WI38RB
199,Subaru Outback,Silver,KV35OM
200,Toyota 4Runner,Gold,DL39UT
201,Honda Passport,Green,UM45CU
202,Nissan Pathfinder,White,JC22XI
203,Kia Telluride,Black,CU79RT
204,Hyundai Palisade,Blue,AI81MV
205,Ford Expedition,Red,LO23OB
206,Chevrolet Suburban,Silver,HE72JX
207,GMC Yukon,Gold,KH65XL
208,Toyota Sequoia,Green,JT87GB
209,Honda Passport,White,FY51WG
210,Nissan Armada,Black,WC92KQ
211,Ford F-150,Blue,DB00AV
212,Chevrolet Silverado,Red,PS17FF
213,Ram 1500,Silver,IW97MP
214,Toyota Tundra,Gold,WE21NT
215,Ford Super Duty,Green,MG54DI
357,Ford Super Duty,Gold,XW27TD
358,Chevrolet Tahoe,Green,SZ38WB
359,GMC Sierra,White,MY97EI
360,Toyota 4Runner,Black,BJ85LM
361,Honda Ridgeline,Blue,QK90FT
362,Nissan Frontier,Red,DJ59II
363,Kia Sportage,Silver,UQ70MK
364,Hyundai Tucson,Gold,DM91DT
365,Ford Bronco,Green,PZ62TM
366,Jeep Wrangler,White,BP28FZ
367,Subaru Outback,Black,QA39FB
368,Toyota 4Runner,Blue,KC98AH
369,Honda Passport,Red,OH32NO
370,Nissan Pathfinder,Silver,AC41AL
371,Kia Telluride,Gold,VF78VG
372,Hyundai Palisade,Green,TJ88DO
373,Ford Expedition,White,VC52PU
374,Chevrolet Suburban,Black,OA27SY
375,GMC Yukon,Blue,MQ30RP
376,Toyota Sequoia,Red,OS99FU
377,Honda Passport,Silver,RJ29FR
378,Nissan Armada,Gold,IK61DT
379,Ford F-150,Green,FZ20VN
380,Chevrolet Silverado,White,CH23NG
381,Ram 1500,Black,BF81LP
382,Toyota Tundra,Blue,EY19EK
383,Ford Super Duty,Red,IL53IQ
384,Chevrolet Tahoe,Silver,QJ22YK
385,GMC Sierra,Gold,MG01YQ
386,Toyota 4Runner,Green,YJ15VX
387,Honda Ridgeline,White,CT71JM
388,Nissan Frontier,Black,IK96FI
389,Kia Sportage,Blue,EC72EH
390,Hyundai Tucson,Red,UM55RK
391,Ford Bronco,Silver,JT39SA
392,Jeep Wrangler,Gold,XS69DA
393,Subaru Outback,Green,II45OX
394,Toyota 4Runner,White,EW05KG
395,Honda Passport,Black,LZ69RB
396,Nissan Pathfinder,Blue,IR69DW
397,Kia Telluride,Red,RZ24JD
398,Hyundai Palisade,Silver,UR65KH
399,Ford Expedition,Gold,TW32WE
400,Chevrolet Suburban,Green,ZY52TX
401,GMC Yukon,White,QI67SQ
402,Toyota Sequoia,Black,VX98WO
403,Honda Passport,Blue,ZL26ZK
404,Nissan Armada,Red,ZC52ZV
405,Ford F-150,Silver,SV95XC
406,Chevrolet Silverado,Gold,ER70RO
407,Ram 1500,Green,LE52SA
408,Toyota Tundra,White,NG46LD
409,Ford Super Duty,Black,GA03AG
410,Chevrolet Tahoe,Blue,PD73PV
411,GMC Sierra,Red,CS25XZ
412,Toyota 4Runner,Silver,KF82JU
413,Honda Ridgeline,Gold,FG52HN
414,Nissan Frontier,Green,KY72BO
415,Kia Sportage,White,ES31TS
416,Hyundai Tucson,Black,UU66EO
417,Ford Bronco,Blue,VT89FH
418,Jeep Wrangler,Red,AB66TW
419,Subaru Outback,Silver,YT14IK
420,Toyota 4Runner,Gold,RV64PR
421,Honda Passport,Green,HB05MU
422,Nissan Pathfinder,White,EP69VN
423,Kia Telluride,Black,QS64ZF
424,Hyundai Palisade,Blue,GC27GT
425,Ford Expedition,Red,MP82MF
426,Chevrolet Suburban,Silver,ZQ88KE
427,GMC Yukon,Gold,WE65YK
428,Toyota Sequoia,Green,XL02MM
429,Honda Passport,White,HY00TL
430,Nissan Armada,Black,HV60KC
431,Ford F-150,Blue,EA93BM
432,Chevrolet Silverado,Red,BY65YJ
433,Ram 1500,Silver,FC28BZ
434,Toyota Tundra,Gold,BW09VD
435,Ford Super Duty,Green,RN44BG
436,Chevrolet Tahoe,White,DH25MX
437,GMC Sierra,Black,ES36KF
438,Toyota 4Runner,Blue,MW17FW
439,Honda Ridgeline,Red,EQ33FV
440,Nissan Frontier,Silver,JR54RB
441,Kia Sportage,Gold,GU38HA
442,Hyundai Tucson,Green,GD06GY
443,Ford Bronco,White,JY19CY
444,Jeep Wrangler,Black,GV55MK
445,Subaru Outback,Blue,RA39MI
446,Toyota 4Runner,Red,JX14DI
447,Honda Passport,Silver,ST25ZA
448,Nissan Pathfinder,Gold,GL24QD
449,Kia Telluride,Green,PS14GA
450,Hyundai Palisade,White,DU76ZK
451,Ford Expedition,Black,NL87AK
452,Chevrolet Suburban,Blue,MA59SQ
453,GMC Yukon,Red,DB65HF
454,Toyota Sequoia,Silver,US85JL
455,Honda Passport,Gold,MA08BE
456,Nissan Armada,Green,NR62AZ
457,Ford F-150,White,ZQ19YU
458,Chevrolet Silverado,Black,CA85SS
459,Ram 1500,Blue,VF23RS
460,Toyota Tundra,Red,RX54NL
461,Ford Super Duty,Silver,CL58FR
462,Chevrolet Tahoe,Gold,JF60EP
463,GMC Sierra,Green,RJ16MI
464,Toyota 4Runner,White,WI23GJ
465,Honda Ridgeline,Black,KR65AK
466,Nissan Frontier,Blue,PQ52TO
467,Kia Sportage,Red,UG76GV
468,Hyundai Tucson,Silver,EQ77NW
469,Ford Bronco,Gold,XC82YN
470,Jeep Wrangler,Green,YE43CI
471,Subaru Outback,White,NJ18NR
472,Toyota 4Runner,Black,KQ94QW
473,Honda Passport,Blue,UB37HU
474,Nissan Pathfinder,Red,UK71CZ
475,Kia Telluride,Silver,SM94LN
476,Hyundai Palisade,Gold,PM33QH
477,Ford Expedition,Green,JB56EG
478,Chevrolet Suburban,White,WZ77MA
479,GMC Yukon,Black,OL76OF
480,Toyota Sequoia,Blue,HH68WP
481,Honda Passport,Red,YZ76MJ
482,Nissan Armada,Silver,KD92FP
483,Ford F-150,Gold,YM73RJ
484,Chevrolet Silverado,Green,KI75BZ
485,Ram 1500,White,TP82IN
486,Toyota Tundra,Black,JR78QF
487,Ford Super Duty,Blue,FL46GG
488,Chevrolet Tahoe,Red,RP33WD
489,GMC Sierra,Silver,LR49BG
490,Toyota 4Runner,Gold,SJ71LY
491,Honda Ridgeline,Green,JO81ZP
492,Nissan Frontier,White,RD46VH
493,Kia Sportage,Black,YR18II
494,Hyundai Tucson,Blue,TD68DP
495,Ford Bronco,Red,JX02ZC
496,Jeep Wrangler,Silver,LR81UM
497,Subaru Outback,Gold,XT37JG
498,Toyota 4Runner,Green,SF45QA
499,Honda Passport,White,DS15LE
500,Nissan Pathfinder,Black,ZV72JE
501,Kia Telluride,Blue,XC63JT
502,Hyundai Palisade,Red,WD09VZ
503,Ford Expedition,Silver,ZU81BP
504,Chevrolet Suburban,Gold,XY42GX
505,GMC Yukon,Green,YR27HX
506,Toyota Sequoia,White,OY14DZ
507,Honda Passport,Black,OG39GI
508,Nissan Armada,Blue,FU64WN
509,Ford F-150,Red,LG65UY
510,Chevrolet Silverado,Silver,VG65ZZ
511,Ram 1500,Gold,AD38UG
512,Toyota Tundra,Green,VP70FD
513,Ford Super Duty,White,VS44PR
514,Chevrolet Tahoe,Black,IA17EF
515,GMC Sierra,Blue,JS82AL
516,Toyota 4Runner,Red,QF99UU
517,Honda Ridgeline,Silver,NC44NH
518,Nissan Frontier,Gold,QX78CA
519,Kia Sportage,Green,ZC93YO
520,Hyundai Tucson,White,RU37ZP
521,Ford Bronco,Black,AC37OE
522,Jeep Wrangler,Blue,AT73PT
523,Subaru Outback,Red,MI07JS
524,Toyota 4Runner,Silver,IB19EX
525,Honda Passport,Gold,UD02WF
526,Nissan Pathfinder,Green,JK87JI
527,Kia Telluride,White,VM84DT
528,Hyundai Palisade,Black,QK44FN
529,Ford Expedition,Blue,PK03SS
530,Chevrolet Suburban,Red,EO39DM
531,GMC Yukon,Silver,SP00SE
532,Toyota Sequoia,Gold,ST93IM
533,Honda Passport,Green,BS75RE
534,Nissan Armada,White,IW02WD
535,Ford F-150,Black,AC68SB
536,Chevrolet Silverado,Blue,YB84YY
537,Ram 1500,Red,UF38AG
538,Toyota Tundra,Silver,DS16LB
539,Ford Super Duty,Gold,WK26PN
540,Chevrolet Tahoe,Green,KR70RW
541,GMC Sierra,White,FE16JM
542,Toyota 4Runner,Black,JN04WY
543,Honda Ridgeline,Blue,VI84ZU
544,Nissan Frontier,Red,EE28ZI
545,Kia Sportage,Silver,II08GO
546,Hyundai Tucson,Gold,HL89DU
547,Ford Bronco,Green,JX80FC
548,Jeep Wrangler,White,OP52QA
549,Subaru Outback,Black,AV89MU
550,Toyota 4Runner,Blue,KD97HH
551,Honda Passport,Red,IK42NC
552,Nissan Pathfinder,Silver,KJ63QB
553,Kia Telluride,Gold,SA41UP
554,Hyundai Palisade,Green,SF75JL
555,Ford Expedition,White,WP72AW
556,Chevrolet Suburban,Black,SF89EC
557,GMC Yukon,Blue,LM14SS
558,Toyota Sequoia,Red,XI48MJ
559,Honda Passport,Silver,PK94CS
560,Nissan Armada,Gold,LH61TI
561,Ford F-150,Green,CU40UW
562,Chevrolet Silverado,White,SQ52DL
563,Ram 1500,Black,DX90VQ
564,Toyota Tundra,Blue,GZ64QQ
565,Ford Super Duty,Red,WE41WI
566,Chevrolet Tahoe,Silver,IE13SM
567,GMC Sierra,Gold,NN55PI
568,Toyota 4Runner,Green,LP25QJ
569,Honda Ridgeline,White,BZ20AG
570,Nissan Frontier,Black,BC62IM
571,Kia Sportage,Blue,FF28CF
572,Hyundai Tucson,Red,VN57DF
573,Ford Bronco,Silver,PP65UJ
574,Jeep Wrangler,Gold,OC83OG
575,Subaru Outback,Green,OF98CY
576,Toyota 4Runner,White,SI76XD
577,Honda Passport,Black,VN24IB
578,Nissan Pathfinder,Blue,AG85SZ
579,Kia Telluride,Red,XA12DH
580,Hyundai Palisade,Silver,WP88FC
581,Ford Expedition,Gold,EI69AC
582,Chevrolet Suburban,Green,IB81TR
583,GMC Yukon,White,LL12UU
584,Toyota Sequoia,Black,PP20EK
585,Honda Passport,Blue,UI68GI
586,Nissan Armada,Red,DF34JF
587,Ford F-150,Silver,VE06LX
588,Chevrolet Silverado,Gold,OF60UQ
589,Ram 1500,Green,PP80MD
590,Toyota Tundra,White,MF81MN
591,Ford Super Duty,Black,CE18XE
592,Chevrolet Tahoe,Blue,OI29LH
593,GMC Sierra,Red,KM44XG
594,Toyota 4Runner,Silver,NB60TW
595,Honda Ridgeline,Gold,PA81GD
596,Nissan Frontier,Green,KR06LP
597,Kia Sportage,White,EX25MC
598,Hyundai Tucson,Black,YD43XO
599,Ford Bronco,Blue,DP42ZX
600,Jeep Wrangler,Red,PI19BO
601,Subaru Outback,Silver,VT64GE
602,Toyota 4Runner,Gold,US89CC
603,Honda Passport,Green,OI08DN
604,Nissan Pathfinder,White,DY65OA
605,Kia Telluride,Black,ZV43KS
606,Hyundai Palisade,Blue,XL18AC
607,Ford Expedition,Red,FE55YE
608,Chevrolet Suburban,Silver,ZC86RY
609,GMC Yukon,Gold,KJ08TD
610,Toyota Sequoia,Green,UU40YG
611,Honda Passport,White,MZ92TI
612,Nissan Armada,Black,YN66UZ
613,Ford F-150,Blue,NT63KO
614,Chevrolet Silverado,Red,KG58YY
615,Ram 1500,Silver,LQ86OS
616,Toyota Tundra,Gold,GX70NJ
617,Ford Super Duty,Green,JV18KR
618,Chevrolet Tahoe,White,YW55OM
619,GMC Sierra,Black,GC71JG
620,Toyota 4Runner,Blue,TY68VY
621,Honda Ridgeline,Red,YD05AJ
622,Nissan Frontier,Silver,QH36GZ
623,Kia Sportage,Gold,GW49UL
624,Hyundai Tucson,Green,QC12XF
625,Ford Bronco,White,GG89ZV
626,Jeep Wrangler,Black,RV82YB
627,Subaru Outback,Blue,KX78SL
628,Toyota 4Runner,Red,HM31WR
629,Honda Passport,Silver,HU67IS
630,Nissan Pathfinder,Gold,NQ58QZ
631,Kia Telluride,Green,WU04JS
632,Hyundai Palisade,White,GU09AS
633,Ford Expedition,Black,RF15KI
634,Chevrolet Suburban,Blue,IU46OY
635,GMC Yukon,Red,UP31FK
636,Toyota Sequoia,Silver,OT80EA
637,Honda Passport,Gold,HB23KL
638,Nissan Armada,Green,DO39HL
639,Ford F-150,White,MF03ZV
640,Chevrolet Silverado,Black,GO30AS
641,Ram 1500,Blue,HP68WJ